contrast	mean_lf	sd_lf
astrocytoma_normal	0.7835177939512743	11.958450657819583
interaction	0.2607086208061314	6.793295357279087
male_female	-0.2619598792702968	6.505837489229261
